iterazione,NFT,NFT NON TROVATI,MEDIA HOP FATTI,NFT TROVATI,MAX HOPS,NODI,BUCKETSIZE,FATTORE DI REPLICAZIONI
1,591,0,2.455161,591,5,40,3,3,3

1,591,352,2.351464,239,6,40,1,3,3
1,591,332,2.332046,259,6,40,1,3,3
1,591,39,2.382246,552,5,40,3,3,3
1,591,19,2.372378,572,5,40,3,3,3
1,591,0,2.409475,591,6,40,3,3,3
1,591,19,3.020979,572,8,110,3,3,2
