iterazione,NFT,NFT NON TROVATI,MEDIA HOP FATTI,NFT TROVATI,MAX HOPS,NODI,BUCKETSIZE,FATTORE DI REPLICAZIONI


1,591,19,2.419580,572,4,40,3,0,5
1,591,16,2.194783,575,3,40,3,0,5
1,591,16,2.172174,575,3,40,3,0,5
1,591,0,2.252115,591,3,40,3,0,5
1,591,0,2.248731,591,4,40,3,3,3
1,591,0,2.455161,591,5,40,3,3,3
