iterazione,NFT,NFT NON TROVATI,MEDIA HOP FATTI,NFT TROVATI,MAX HOPS,NODI,BUCKETSIZE,FATTORE DI REPLICAZIONI

1,591,0,1.988156,591,3,0,3,0
1,591,0,2.133672,591,4,0,3,0
1,591,14,2.452340,577,4,45,0,0,2
1,591,5,2.465870,586,4,100,0,0,2
1,591,9,2.917526,582,5,100,0,0,2
1,591,4,2.865417,587,5,100,0,0,1
1,591,7,2.886986,584,5,100,0,0,3
1,591,7,2.933219,584,5,100,0,0,5
