N,avg,std
13,149.000000,50.842895
